id_sample,id_cm,depth,min,max,median,mean,clay,silt_fine,silt_coarse,sand,TC,TIC,TOC,TN,TS,d13C,d18O
TAGUA TAGUA 38,38-39 cm,38,5859,6219,6044,6038,6911,37543,32399,23147,4.35,0.05,4.3,0.546,0.0695,-1.179149971971,-1.70104893207455
TAGUA TAGUA 43,43-44 cm,43,6295,6636,6479,6475,6834,30793,27678,34695,5.89,2.98,2.91,0.373,0.0182,-1.43499837717196,-1.91928105872753
TAGUA TAGUA 47,47-48 cm,47,6514,7167,6755,6778,7939,34554,29408,28099,5.86,3.95,1.91,0.25,0.0117,-0.806610668865473,-0.982011487621718
TAGUA TAGUA 51,51-52 cm,51,6677,7487,7018,7035,7945,33127,31313,27616,5.37,4.4,0.97,0.136,0.00616,-0.581187208512561,-0.580550354559717
TAGUA TAGUA 54,54-55 cm,54,6817,7710,7201,7219,7986,31945,30079,29990,5.07,4.18,0.89,0.113,0.00394,-1.58411974417823,-0.697353101364643
TAGUA TAGUA 58,58-59 cm,58,6995,7925,7478,7470,8587,32882,30626,27906,5.08,4.29,0.79,0.107,0.00996,-1.12632283804662,-1.32241792130626
TAGUA TAGUA 62,62-63 cm,62,7302,8018,7751,7727,6238,27713,32320,33729,5.56,4.65,0.91,0.112,0.0124,-1.37904674636958,-1.36532056960831
TAGUA TAGUA 66,66-67 cm,66,7801,8131,7966,7970,5621,27268,31958,35153,6.34,5.28,1.06,0.103,0.00417,-1.5543131516988,-1.31392571460035
TAGUA TAGUA 70,70-71 cm,70,8002,8376,8167,8172,5478,27365,32428,34729,5.17,4.4,0.77,0.0888,0.00844,-1.13935004006212,-1.14515395174263
TAGUA TAGUA 74,74-75 cm,74,8082,8706,8317,8336,4974,25840,36092,33094,5.62,4.91,0.71,0.0967,0.00434,-1.32940896090583,-1.46289870661312
TAGUA TAGUA 78,78-79 cm,78,8158,8910,8476,8491,6010,27777,31820,34394,5.28,4.67,0.61,0.1,0.00774,-0.634254273480251,-0.411847319044906
TAGUA TAGUA 82,82-83 cm,82,8269,9064,8641,8648,3290,15046,19617,62046,5.25,4.71,0.54,0.086,0.00365,-1.43159440383484,0.992067358212208
TAGUA TAGUA 86,86-87 cm,86,8401,9214,8807,8808,3854,18526,30253,47366,4.68,4.38,0.3,0.0686,0.00607,-1.2759753250402,0.116678374719681
TAGUA TAGUA 90,90-91 cm,90,8553,9346,8973,8968,2795,15512,20718,60975,3.77,3.53,0.24,0.0677,0.00849,-1.77800481183136,-0.2427654728948
TAGUA TAGUA 94,94-95 cm,94,8713,9483,9140,9127,2454,15478,17233,64838,4.01,3.74,0.27,0.0621,0.00942,-1.60622060514012,0.17636918718633
TAGUA TAGUA 98,98-99 cm,98,8890,9598,9305,9286,4708,28900,52528,13863,3.25,3,0.25,0.0561,0.00954,-2.97172650804271,-0.457719468130852
TAGUA TAGUA 102,102-103 cm,102,9191,9691,9457,9451,2567,16390,24071,56973,3.2,2.8,0.4,0.0619,0.013,-2.6350642288566,-0.834864734963448
TAGUA TAGUA 106,106-107 cm,106,9477,9836,9593,9606,3572,19726,40595,36107,2.5,2.01,0.49,0.069,0.00838,-2.92169203433987,-0.311580520045542
TAGUA TAGUA 110,110-111 cm,110,9569,10000,9736,9747,3846,20259,44308,31587,3.03,2.49,0.54,0.0753,0.0132,-2.06280371740027,-0.612580935917265
TAGUA TAGUA 114,114-115 cm,114,9636,10221,9862,9878,2664,15343,26076,55916,3.17,2.75,0.42,0.0744,0.0102,-3.80783259023087,-2.10994241392927
TAGUA TAGUA 118,118-119 cm,118,9703,10398,9994,10009,3428,19240,35859,41473,3.42,3.09,0.33,0.0672,0.012,-3.5078151787613,-1.38800988311218
TAGUA TAGUA 122,122-123 cm,122,9811,10530,10139,10147,2390,14136,22399,61075,3.47,3.08,0.39,0.067,0.00566,-2.96269129504156,-0.334858046673164
TAGUA TAGUA 126,126-127 cm,126,9918,10661,10279,10284,6035,37326,49213,7426,4.08,3.82,0.26,0.0657,0.0027,-1.88369504222977,-0.147242145998185
TAGUA TAGUA 130,130-131 cm,130,10041,10790,10418,10420,2897,18780,33719,44604,3.99,3.52,0.47,0.106,0.022,-3.37804940796714,-2.10223440125611
TAGUA TAGUA 134,134-135 cm,134,10165,10909,10558,10555,2984,25220,37171,34625,3.46,3.21,0.25,0.0647,-0.000263,-3.28717031430206,-2.85348118831468
TAGUA TAGUA 138,138-139 cm,138,10291,11016,10704,10691,2552,22957,34682,39809,2.93,2.59,0.34,0.069,0.00275,-4.20755872980775,-3.76108359736642
TAGUA TAGUA 142,142-143 cm,142,10466,11086,10836,10820,2164,21465,32343,44027,1.45,1.18,0.27,0.0828,0.00281,-4.47280176980885,-3.6999798376157
TAGUA TAGUA 146,146-147 cm,146,10656,11151,10967,10951,3332,27874,38774,30021,2.65,2.27,0.38,0.102,0.00606,-5.29633991568921,-5.40435202199307
TAGUA TAGUA 150,150-151 cm,150,10904,11260,11158,11146,8566,26246,36396,28792,6.68,6.51,0.17,0.0631,0.00236,0.41636250053942,-1.06935046139345
TAGUA TAGUA 154,154-155 cm,154,11160,11840,11442,11455,8176,20546,36605,34672,5.62,5.49,0.13,0.056,0.00257,1.01866731748532,-0.293136138980984
TAGUA TAGUA 158,158-159 cm,158,11332,12412,11945,11917,8562,21209,29942,40287,3.66,3.58,0.08,0.0445,0.00259,0.072218806510153,-0.553197622445254
TAGUA TAGUA 162,162-163 cm,162,11930,12531,12249,12285,9634,22604,29309,38454,2.03,2.04,-0.01,0.0371,0.00666,-2.2370499975219,-1.13636519253136
TAGUA TAGUA 166,166-167 cm,166,12104,12668,12472,12459,11004,25217,27943,35836,1.12,1.07,0.05,0.036,0.00691,-4.90732026908949,-1.27112966000826
TAGUA TAGUA 170,170-171 cm,170,12199,12739,12583,12551,9111,21045,22919,46924,0.516,0.46,0.056,0.0296,0.0104,-5.31163783986785,-2.36752186182948
TAGUA TAGUA 174,174-175 cm,174,12262,12872,12650,12624,9179,20555,23943,46322,0.362,0.19,0.172,0.0357,0.0101,-6.96994945036329,-2.56814781664207
TAGUA TAGUA 178,178-179 cm,178,12341,12997,12711,12698,8969,20204,20131,50696,0.273,0.19,0.083,0.031,0.0157,-6.42852024381835,-3.20599764191858
TAGUA TAGUA 182,182-183 cm,182,12440,13109,12777,12774,10634,23860,23141,42365,0.249,0.24,0.009,0.0314,0.0182,-6.84408539064208,-5.09581717266358
TAGUA TAGUA 186,186-187 cm,186,12547,13231,12844,12851,13768,29650,27945,28637,0.335,0.37,-0.035,0.0353,0.00558,-6.63582104549278,-1.88729247797123
TAGUA TAGUA 190,190-191 cm,190,12656,13340,12909,12928,12278,28371,22027,37324,0.426,0.31,0.116,0.0271,0.00466,-7.16533409839112,-2.85133120122866
TAGUA TAGUA 194,194-195 cm,194,12757,13485,12973,13003,12587,28185,23687,35541,0.467,0.31,0.157,0.0299,0.00383,-6.66620616005156,-2.28131767322714
TAGUA TAGUA 198,198-199 cm,198,12870,13617,13037,13079,11634,28206,22231,37928,0.303,0.18,0.123,0.0275,0.00324,-7.31388857279053,-2.56630786724343
TAGUA TAGUA 202,202-203 cm,202,13019,13948,13223,13285,13425,30056,25866,30653,0.296,0.22,0.076,0.027,0.00318,-7.61496275605459,-2.47479652768398
TAGUA TAGUA 206,206-207 cm,206,13153,14424,13545,13606,12680,30898,25252,31169,0.315,0.16,0.155,0.0218,0.00739,-6.11196740872855,-2.34973355513075
TAGUA TAGUA 210,210-211 cm,210,13316,15020,13904,13972,12632,31214,21533,34622,0.508,0.41,0.098,0.0349,0.0052,-7.47353069687289,-3.04869545426482
TAGUA TAGUA 214,214-215 cm,214,13507,15550,14277,14340,13203,33956,23872,28968,0.358,0.29,0.068,0.0247,0.00639,-6.57084762667846,-2.90769800847306
TAGUA TAGUA 218,218-219 cm,218,13694,16049,14638,14700,14438,31201,15963,38398,0.425,0.35,0.075,0.0248,0.00722,-6.1555099871984,-2.26334300988037
TAGUA TAGUA 222,222-223 cm,222,13938,16474,14995,15055,11454,24480,14936,49130,0.246,0.18,0.066,0.0227,0.00185,-6.89907736255925,-2.55134722320724
TAGUA TAGUA 226,226-227 cm,226,14371,16974,15534,15570,12091,26872,13785,47252,0.599,0.48,0.119,0.0294,0.00351,-6.06416965733562,-1.88380801134743
TAGUA TAGUA 230,230-231 cm,230,14841,17627,16099,16126,11346,24077,13741,50836,0.818,0.71,0.108,0.0244,0.00653,-8.67795460124323,-3.45194485316931
TAGUA TAGUA 234,234-235 cm,234,15301,18153,16667,16680,6062,19920,12840,61177,0.316,0.41,-0.094,0.0221,0.00371,-9.53567677897891,-3.92590359825889
TAGUA TAGUA 238,238-239 cm,238,15747,18691,17272,17258,5088,18410,12436,64066,0.0138,0.02,-0.0062,0.0239,0.00577,-9.38870303394971,-5.43057644720961
TAGUA TAGUA 242,242-243 cm,242,16418,19032,17870,17834,3792,10738,9508,75962,0.0617,-0.01,0.0617,0.0313,0.0131,-9.81231681653598,-8.61849671559189
TAGUA TAGUA 246,246-247 cm,246,17099,19383,18439,18385,3305,9538,9533,77624,0.104,-0.04,0.104,0.0205,0.014,-8.7652034335107,-5.60472543694214
TAGUA TAGUA 250,250-251 cm,250,17921,19672,18976,18933,16041,38965,25213,19780,-0.00501,0.09,-0.09501,0.0204,0.775,-10.2805053576826,-7.4285919902176
TAGUA TAGUA 254,254-255 cm,254,18479,19956,19486,19398,13497,33995,15901,36607,0.00241,-0.05,0.00241,0.0289,0.00882,-10.6505086779902,-5.76188631674823
TAGUA TAGUA 258,258-259 cm,258,18870,20076,19656,19601,18136,60494,19334,2037,0.079,0.06,0.019,0.0233,0.167,-9.31285146921185,-4.41990667280148
TAGUA TAGUA 262,262-263 cm,262,19306,20173,19807,19785,21931,59620,14435,4013,0.2,0.29,-0.09,0.0238,0.0104,-9.61149915727797,-4.39028675529566
TAGUA TAGUA 266,266-267 cm,266,19620,20309,19975,19970,25279,50424,12135,12162,0.238,0.29,-0.052,0.0263,0.156,-11.4885493391023,-4.87755140542383
