Core,Age (cal ka BP),Depth (m),δ13Cwax (‰),error bar (‰)
ODP1233,2.298,3.7,-33.1,0.0
ODP1233,3.445,4.8,-33.0,0.2
ODP1233,4.269,5.6,-33.2,0.2
ODP1233,5.948,7.7,-32.9,0.0
ODP1233,6.515,8.0,-33.1,0.1
ODP1233,7.413,9.1,-32.9,0.3
ODP1233,8.126,9.9,-32.9,0.1
ODP1233,8.914,11.0,-32.9,0.2
ODP1233,9.509,12.1,-33.0,0.0
ODP1233,9.899,12.9,-33.0,0.1
ODP1233,10.535,13.9,-33.2,0.1
ODP1233,10.986,14.7,-33.1,0.1
ODP1233,11.329,15.5,-32.9,0.3
ODP1233,11.787,16.4,-32.9,0.1
ODP1233,11.902,16.7,-33.0,0.1
ODP1233,12.144,17.3,-33.2,0.3
ODP1233,12.289,17.7,-33.2,0.1
ODP1233,12.434,18.2,-33.0,0.0
ODP1233,12.543,18.6,-33.0,0.1
ODP1233,12.796,19.4,-33.4,0.1
ODP1233,12.941,19.9,-33.2,0.2
ODP1233,13.287,20.5,-33.4,0.1
ODP1233,13.493,20.8,-33.3,0.0
ODP1233,13.906,21.2,-33.2,0.1
ODP1233,14.073,21.5,-33.6,0.2
ODP1233,14.212,21.8,-33.5,0.1
ODP1233,14.279,22.0,-33.4,0.2
ODP1233,14.369,22.3,-33.1,0.3
ODP1233,14.482,22.6,-33.2,0.3
ODP1233,14.571,22.8,-33.4,0.2
ODP1233,14.676,23.1,-33.6,0.1
ODP1233,14.83,23.5,-33.6,0.2
ODP1233,15.009,24.0,-33.5,0.1
ODP1233,15.167,24.4,-33.7,0.2
ODP1233,15.324,24.8,-33.2,0.0
ODP1233,15.369,24.9,-33.3,0.1
ODP1233,15.973,25.8,-33.4,0.1
ODP1233,16.715,26.7,-33.2,0.0
ODP1233,17.344,27.5,-33.2,0.2
ODP1233,17.634,27.8,-33.3,0.1
ODP1233,18.715,29.2,-32.7,0.1
ODP1233,19.489,30.3,-33.1,0.2
ODP1233,20.792,33.1,-32.8,0.1
ODP1233,20.938,33.5,-32.6,0.3
ODP1233,21.516,34.7,-32.9,0.2
ODP1233,22.051,35.8,-33.1,0.0
ODP1233,22.56,36.8,-33.1,0.1
ODP1233,23.211,38.2,-33.4,0.0
ODP1233,23.297,38.3,-32.6,0.2
ODP1233,24.082,40.3,-32.9,0.3
ODP1233,24.891,42.1,-33.3,0.1
ODP1233,25.899,43.8,-33.2,0.2
ODP1233,26.311,44.6,-33.0,0.1
ODP1233,26.896,45.6,-33.0,0.0
ODP1233,27.558,46.5,-33.1,0.2
ODP1233,27.961,47.0,-32.9,0.1
ODP1233,28.35,47.6,-33.3,0.0
ODP1233,28.516,47.9,-32.8,0.1
ODP1233,29.712,51.2,-32.8,0.0
ODP1233,30.114,51.8,-33.0,0.1
ODP1233,31.123,53.5,-33.0,0.2
ODP1233,31.411,54.0,-33.0,0.0
ODP1233,31.7,54.5,-33.1,0.1
ODP1233,38.363,63.3,-33.1,0.2
ODP1233,38.78,64.0,-33.2,0.0
ODP1233,39.421,65.1,-33.2,0.2
ODP1233,40.302,66.4,-32.8,0.1
ODP1233,41.443,68.4,-33.0,0.1
ODP1233,42.123,70.3,-32.9,0.0
ODP1233,42.537,71.5,-32.9,0.4
ODP1233,42.857,72.5,-32.8,0.1
