age,Depth [m],Cal age min [ka BP],Cal age max [ka BP],Accu model [a/cm],Acaena,Chen/Amar ,Apiaceae,Asteraceae Liguliflorae,Asteraceae Tubuliflorae,Austrocedrus chilensis,Berberis,Brassicaceae,Calycera,Caryophyllaceae,Cyperaceae,Drimys winteri,Elodea,Embothrium coccineum,Ephedra andina,Ericaceae,Gentiana,Gentianella,Gunnera chilensis,Isoetes savatieri,Kageneckia,Krameria ,Lamiaceae,Lithraea caustica,Malvaceae,Maytenus ,Misodendrum ,Muehlenbeckia ,Mutisia ,Myriophyllum,Myrtaceae,Nothofagus dombeyi-type,Nothofagus obliqua-type,Onagraceae,Plantago,Poaceae,Podocarpus salignus ,Polypodiaceae,Prumnopitys andina,Pteris chilensis,Rosaceae,Rubiaceae,Rumex,Typha angustifolia,Utricularia,Valeriana
11.4065,2.2,10.497,12.389,165.416,0,56,3,0,8,0,0,0,0,0,2,4,0,0,1,0,0,0,3,0,0,0,0,6,3,0,0,0,0,2,0,12,0,0,0,11,3,0,18,2,0,0,0,0,0,0
13.0606,2.3,12.489,13.676,238.862,0,40,10,2,14,0,0,0,0,0,7,0,0,0,1,0,0,0,8,0,0,0,0,0,0,5,0,0,0,1,3,7,0,0,0,26,0,4,3,0,0,4,0,14,0,0
15.4492,2.4,14.215,16.6652,43.67,3,22,3,0,6,0,0,0,0,2,14,0,0,0,4,0,0,0,3,0,0,0,0,0,0,2,0,0,0,9,0,18,0,4,0,30,12,3,22,0,0,0,0,0,0,3
15.8859,2.5,14.8835,16.8715,43.67,2,18,2,2,10,0,0,0,0,2,8,0,0,0,3,0,0,0,3,0,0,0,0,3,0,0,0,0,0,4,0,18,0,0,0,37,3,4,22,0,0,4,3,0,0,0
16.3226,2.6,15.4905,17.1231,43.67,2,20,3,0,7,0,0,0,0,2,11,0,0,0,1,0,0,0,3,0,0,0,0,0,0,0,0,0,0,5,0,20,0,0,0,42,3,0,15,0,0,0,0,0,0,0
16.7593,2.7,16.0191,17.4546,43.67,2,27,3,0,9,0,0,0,0,0,11,0,0,0,1,0,0,0,0,0,0,0,0,0,0,2,0,0,0,9,0,21,0,4,0,13,10,0,30,2,0,0,0,0,0,0
17.196,2.8,16.4213,17.9039,43.67,0,21,2,2,16,0,0,0,0,0,31,0,0,0,1,0,0,0,0,0,0,0,0,0,0,0,0,0,0,4,2,18,0,4,0,14,5,0,24,2,0,0,0,1,0,0
17.6327,2.9,16.7278,18.4572,74.389,0,19,2,0,15,0,0,0,0,0,14,0,0,0,1,0,0,0,0,0,0,0,0,0,0,0,0,0,1,9,0,22,0,3,0,12,5,0,33,0,0,0,0,0,0,0
18.3766,3,17.5498,19.1321,74.389,4,8,7,2,25,0,0,2,0,2,15,0,0,0,2,0,0,0,0,0,0,0,0,0,0,0,0,0,0,6,2,28,1,3,0,8,2,2,26,0,0,0,0,0,0,0
19.1205,3.1,18.349,19.8322,74.389,5,7,3,0,19,0,0,0,3,0,12,0,0,0,2,0,0,0,0,0,0,0,0,0,0,1,0,0,2,4,0,32,1,4,0,18,2,3,24,0,0,0,0,0,0,4
19.8644,3.2,19.1335,20.5633,74.389,6,6,3,0,21,0,0,0,2,2,9,0,0,0,1,0,0,0,0,0,0,0,0,0,0,2,0,0,2,2,0,24,9,0,3,23,0,0,23,0,4,0,0,1,0,3
20.6083,3.3,19.8802,21.3205,74.389,6,5,2,2,24,0,0,0,2,2,13,0,0,0,1,0,0,0,0,0,0,0,0,0,0,2,0,0,1,2,3,23,9,4,3,25,3,0,20,0,2,0,0,0,0,3
21.3521,3.4,20.584,22.1233,74.389,5,9,2,0,16,0,0,0,2,2,12,0,0,0,1,0,0,0,0,0,0,0,0,3,0,0,3,0,0,6,0,27,5,0,2,17,3,0,27,0,2,0,0,0,0,0
22.096,3.5,21.2606,22.9296,74.389,6,8,3,2,21,0,0,0,2,2,7,0,0,0,1,0,0,0,0,0,0,0,0,3,0,2,3,0,0,2,0,30,7,0,0,19,3,2,12,0,0,0,0,0,0,0
22.8399,3.6,21.9214,23.765,74.389,5,6,2,0,24,0,0,0,0,3,10,0,0,0,3,0,0,0,0,0,0,0,0,0,0,2,0,2,0,1,2,26,5,4,3,27,0,0,13,0,0,0,0,0,0,0
23.5838,3.7,22.5628,24.6072,74.389,5,6,2,0,24,0,0,0,0,2,4,0,0,0,5,0,0,0,0,0,0,0,0,0,0,5,0,0,0,1,0,26,7,0,0,27,3,2,7,0,0,3,0,0,0,0
24.3277,3.8,23.1992,25.4611,74.389,4,6,2,0,25,0,0,0,3,2,11,2,0,0,1,0,1,0,0,2,0,0,0,3,0,7,3,0,0,0,0,23,5,0,0,23,2,0,18,0,0,0,0,0,0,3
25.0716,3.9,23.8208,26.3281,74.389,4,3,2,1,21,0,0,0,2,1,6,0,0,0,7,1,1,0,0,0,0,0,0,0,0,3,0,2,0,1,0,23,5,0,2,24,4,0,14,3,2,2,0,0,0,2
25.8154,4,24.4388,27.1963,63.016,3,3,3,0,22,0,0,2,4,1,0,0,0,2,0,0,0,0,0,0,0,0,0,3,3,5,0,2,0,2,0,30,5,0,3,31,0,2,5,0,0,4,0,0,0,0
26.4456,4.1,25.2088,27.7054,63.016,3,12,4,0,18,0,0,0,2,0,8,0,0,0,2,0,0,0,0,0,0,0,0,0,0,3,0,3,0,4,2,33,5,0,2,23,0,0,11,0,2,4,0,0,0,3
27.0758,4.2,25.9178,28.2506,63.016,4,7,3,2,27,0,0,0,0,2,6,0,0,0,1,0,0,0,0,0,0,0,0,3,0,3,0,3,0,6,2,32,7,0,2,27,0,0,9,0,0,0,0,0,0,0
27.7059,4.3,26.6023,28.8443,63.016,4,8,3,2,17,0,0,0,2,2,5,0,0,0,1,0,0,0,0,0,0,0,0,3,3,8,3,2,0,4,2,34,11,0,2,19,3,0,11,0,2,0,0,0,0,0
28.3361,4.4,27.2012,29.4705,63.016,4,5,3,2,15,0,0,0,0,2,4,0,0,0,1,1,0,0,0,0,0,0,0,3,2,5,0,0,0,6,0,28,5,0,3,19,3,2,23,0,0,0,0,0,0,0
28.9662,4.5,27.7669,30.1606,63.016,6,7,3,0,29,0,0,0,0,2,0,0,0,0,1,0,0,0,0,0,0,0,0,0,0,5,0,0,0,1,0,34,11,0,0,19,3,0,0,0,2,0,0,0,0,0
29.5964,4.6,28.284,30.9092,63.016,8,11,3,1,21,0,0,0,2,2,0,0,0,0,1,0,0,0,0,0,0,0,0,0,0,5,0,0,0,2,2,34,7,0,2,19,0,0,2,0,2,0,0,0,0,2
30.2266,4.7,28.7442,31.6528,63.016,4,6,3,1,22,0,0,0,2,2,0,0,0,0,0,0,0,1,3,0,0,0,0,3,0,5,0,0,1,2,2,31,7,0,0,23,0,0,0,0,2,0,0,0,0,2
30.8567,4.8,29.1845,32.4549,63.016,3,11,2,1,22,0,0,0,0,2,0,0,0,0,1,0,0,0,0,0,0,0,0,0,0,5,0,0,1,0,2,30,5,0,0,19,3,0,7,0,0,0,0,0,0,0
31.4869,4.9,29.6121,33.2651,63.016,3,9,1,1,17,0,0,0,0,0,0,0,0,0,0,0,0,0,2,0,0,0,0,3,3,3,0,0,0,1,2,27,11,0,1,24,4,0,1,0,2,0,0,0,3,0
32.117,5,30.0514,34.1014,19.718,2,26,2,2,20,0,0,1,0,1,3,0,0,0,0,0,0,0,0,1,0,0,0,3,0,5,0,0,0,1,2,22,4,0,2,16,0,2,7,0,0,4,1,0,0,0
32.3142,5.1,30.438,34.1678,19.718,3,38,5,2,21,2,0,0,2,3,0,0,0,0,2,0,0,0,0,0,0,0,0,0,0,5,0,0,0,0,3,18,7,0,0,16,3,0,1,0,2,0,0,0,0,0
32.5114,5.2,30.8035,34.2549,19.718,2,33,2,2,17,0,0,0,0,2,0,0,0,0,0,0,0,0,3,0,0,0,0,0,0,5,0,0,0,1,0,20,7,0,0,18,7,0,7,0,2,0,0,0,3,3
32.7086,5.3,31.1172,34.3683,19.718,2,58,2,0,10,0,0,0,0,2,1,0,0,0,1,0,0,0,0,0,0,0,0,3,0,5,0,0,0,4,0,14,7,0,1,9,3,0,1,0,0,0,0,0,3,0
32.9057,5.4,31.3904,34.5065,19.718,2,39,2,0,19,0,0,0,2,2,0,0,0,0,1,0,0,0,3,0,0,0,0,3,0,5,0,0,1,4,0,16,4,0,0,17,2,0,3,0,0,0,3,0,0,0
33.1029,5.5,31.6415,34.6783,19.718,2,39,2,0,13,0,0,0,2,2,1,0,0,0,1,0,0,0,3,0,0,0,0,0,0,7,0,0,1,14,0,16,9,0,0,16,2,0,2,0,0,0,3,0,0,0
33.3001,5.6,31.8077,34.8949,19.718,2,44,1,0,12,0,0,0,0,0,3,2,0,0,1,0,0,0,3,0,0,0,0,3,3,7,0,0,1,6,0,13,5,0,1,13,5,0,4,0,0,0,3,0,2,0
33.4973,5.7,31.9502,35.1132,19.718,2,44,2,0,15,0,0,0,2,2,2,0,0,0,0,0,0,0,2,0,0,0,2,0,0,5,0,2,0,9,1,15,5,0,1,13,2,0,3,0,0,0,3,0,2,0
33.6944,5.8,32.0736,35.3888,19.718,2,26,2,1,10,0,0,0,1,2,0,0,0,0,0,0,0,0,2,0,0,0,0,1,3,8,0,2,0,3,0,20,7,0,0,26,2,0,1,0,1,0,1,0,0,0
33.8916,5.9,32.1799,35.6943,19.718,0,26,2,0,14,0,0,0,0,1,0,0,0,0,0,0,0,0,0,0,0,0,0,0,0,8,0,0,0,3,1,20,4,0,1,21,0,0,3,0,1,0,1,0,3,0
34.0888,6,32.2678,36.0298,45.699,3,27,2,0,11,0,0,0,0,0,2,0,0,0,0,0,0,0,0,0,0,0,0,1,0,5,0,1,0,5,1,15,10,0,3,19,2,0,5,0,2,0,3,0,3,0
34.5458,6.1,32.917,36.3288,45.699,0,48,2,0,11,0,0,0,2,0,4,0,0,0,3,0,0,0,3,0,0,0,0,5,3,5,0,0,1,4,2,11,7,0,0,9,2,0,2,0,2,0,0,0,3,0
35.0028,6.2,33.4667,36.6999,45.699,0,59,3,0,8,0,0,0,0,3,5,0,0,0,0,0,0,0,0,0,0,0,0,3,2,5,0,0,2,3,0,11,4,0,1,9,2,0,5,0,2,0,3,0,2,0
35.4598,6.3,33.931,37.152,45.699,2,44,1,2,14,0,0,0,0,2,1,0,0,0,1,0,0,0,0,0,0,0,0,3,3,5,0,0,1,7,2,16,5,0,0,11,2,0,4,0,2,0,3,0,2,0
35.9167,6.4,34.3271,37.7117,45.699,2,62,2,0,8,0,0,0,2,0,6,0,0,0,1,0,0,0,0,0,0,0,0,3,0,3,0,0,0,4,0,10,4,0,0,11,0,0,7,0,2,0,0,0,0,0
36.3737,6.5,34.6092,38.3696,45.699,2,58,2,0,8,0,0,0,0,0,5,0,0,0,3,0,0,0,0,0,0,0,0,0,0,3,0,0,0,5,0,12,5,0,0,7,0,0,9,0,0,0,0,0,0,0
36.8307,6.6,34.8437,39.0605,45.699,0,59,2,0,8,0,0,0,0,0,1,0,0,0,1,0,0,0,2,0,0,0,0,0,0,3,2,0,0,5,0,12,1,0,0,7,2,0,13,0,0,0,3,0,0,0
37.2877,6.7,35.0664,39.8293,45.699,0,64,0,0,8,0,0,0,0,0,5,0,0,0,2,0,0,0,0,0,0,0,0,1,0,3,0,0,1,5,0,7,1,0,0,5,1,1,11,0,1,0,0,0,0,0
37.7447,6.8,35.251,40.614,34.121,0,84,1,0,7,0,0,0,0,2,1,0,0,0,1,0,0,0,0,0,0,0,0,0,0,3,0,0,0,5,0,5,0,3,0,2,1,0,2,0,1,0,0,0,0,0
38.0859,6.9,35.7756,40.7934,34.121,0,37,4,0,20,0,0,0,0,0,2,0,0,0,0,0,0,0,0,0,0,0,0,1,0,7,0,0,1,6,0,22,2,0,0,11,1,0,1,0,0,0,0,0,0,0
38.4271,7,36.2483,40.9944,34.121,3,30,2,0,17,0,0,0,0,0,11,0,0,0,0,0,0,0,3,0,0,2,0,0,0,5,0,0,1,5,0,22,4,0,0,11,0,0,4,0,2,0,3,0,0,0
38.7683,7.1,36.6959,41.2406,34.121,2,48,2,0,16,0,0,0,0,0,5,0,0,0,0,2,0,0,3,0,0,0,0,0,0,11,0,0,0,3,2,11,1,0,0,6,0,0,2,0,0,0,0,0,2,0
39.1095,7.2,37.1025,41.5277,34.121,0,39,2,2,8,0,0,0,0,0,7,2,0,0,0,0,0,0,0,0,0,2,1,5,0,9,0,0,1,3,2,15,7,0,1,12,2,0,5,0,0,0,0,0,2,0
39.4507,7.3,37.4294,41.8623,34.121,2,40,0,0,19,0,0,0,0,0,2,0,0,0,1,0,0,0,0,0,0,0,0,3,0,9,0,0,0,6,2,21,3,3,0,8,0,0,2,0,0,0,0,0,0,0
39.7919,7.4,37.7154,42.3443,34.121,2,27,1,0,13,0,0,1,0,0,9,0,0,0,0,0,0,0,2,0,0,0,0,0,0,5,0,0,1,5,2,23,3,3,0,19,2,0,10,0,0,2,0,0,0,0
40.1332,7.5,37.9571,42.8965,34.121,2,9,2,1,15,0,0,0,0,0,5,0,0,0,0,0,0,0,2,0,0,0,0,0,0,15,0,0,1,2,1,21,5,3,0,20,2,0,7,0,0,2,1,0,0,0
40.4744,7.6,38.207,43.4705,34.121,2,27,1,0,15,0,0,1,0,0,15,0,0,0,2,0,0,0,0,0,0,2,2,3,0,11,0,0,0,2,1,18,5,3,1,11,3,0,7,0,0,0,0,0,2,0
40.8156,7.7,38.4365,44.0977,34.121,2,10,4,1,18,0,0,0,0,1,8,2,0,0,0,0,0,0,0,0,0,0,0,3,0,11,0,1,0,0,3,13,5,0,1,21,0,0,11,0,0,0,0,0,0,0
41.1568,7.8,38.5948,44.7708,34.121,2,40,1,0,10,0,2,0,0,0,4,0,0,0,1,0,0,0,0,0,0,1,0,1,0,8,0,0,0,3,1,16,4,0,0,11,0,0,4,0,0,0,0,0,1,0
41.498,7.9,38.752,45.4812,34.121,0,31,2,2,12,0,2,0,0,1,5,0,0,0,0,0,0,0,0,0,0,1,0,3,0,5,0,2,0,4,1,18,7,0,0,14,1,0,4,2,0,0,0,0,2,0
