depth,11.427433,11.228118,11.028802,10.829485,10.630171,10.430854,10.231538,10.032222,9.832907,9.633592,9.434276,9.23496,9.035644,8.836328,8.637013,8.437698,8.238382,8.039066,7.83975,7.640435,7.441119,7.241803,7.042488,6.843172,6.643856,6.444541,6.245225,6.045909,5.846593,5.647278,5.447962,5.248646,5.049331,4.850015,4.650699,4.451384,4.252068,4.052752,3.853437,3.654121,3.454805,3.25549,3.056174,2.856858,2.657542,2.458227,2.258911,2.059595,1.86028,1.660964,1.461648,1.262333,1.063017,0.863701,0.664386,0.46507,0.265754,0.066439,-0.132877,-0.332193,-0.531508,-0.730824,-0.93014,-1.129456
38,0,0,0.195626,0.319319,0.407413,0.48237,0.536039,0.584034,0.639957,0.719537,0.837245,0.996502,1.192964,1.409725,1.630377,1.841702,2.036566,2.212891,2.369903,2.511042,2.635865,2.747137,2.842695,2.925861,2.997363,3.063699,3.126929,3.19136,3.25518,3.316737,3.368246,3.401308,3.405316,3.371244,3.293305,3.170154,3.006268,2.810774,2.593217,2.364347,2.126633,1.886436,1.642606,1.406344,1.181914,0.987689,0.829329,0.719212,0.655299,0.634919,0.647854,0.679445,0.712665,0.730039,0.717817,0.668766,0.583661,0.472173,0.348757,0.232495,0.161881,0.099362,0.053624,0.010868
43,0,0.084446,0.211261,0.322825,0.4093,0.478067,0.530171,0.575997,0.629046,0.702768,0.809945,0.952928,1.126811,1.315094,1.501542,1.673015,1.822336,1.947282,2.047743,2.127248,2.187512,2.232153,2.262921,2.284605,2.302639,2.324972,2.357745,2.406563,2.471621,2.552266,2.641208,2.731652,2.813103,2.877305,2.916042,2.924656,2.901715,2.848511,2.766885,2.658437,2.520715,2.35492,2.160367,1.949073,1.729442,1.523986,1.342584,1.202793,1.106678,1.057673,1.050689,1.076546,1.120922,1.166285,1.195841,1.195819,1.158561,1.081675,0.968774,0.825685,0.660655,0.483022,0.27238,0.064577
47,0.005738,0.093019,0.222706,0.345092,0.447507,0.531786,0.59862,0.658324,0.727268,0.8222,0.96059,1.147603,1.378701,1.631663,1.881288,2.10449,2.286191,2.419263,2.502184,2.53992,2.5388,2.507153,2.455278,2.394194,2.339934,2.305861,2.304823,2.342828,2.418612,2.527562,2.656963,2.79657,2.932977,3.058097,3.163743,3.245005,3.296699,3.311985,3.281554,3.194128,3.037595,2.810317,2.515742,2.180897,1.828231,1.499702,1.212299,0.990314,0.830124,0.729441,0.672725,0.643206,0.619176,0.580762,0.511505,0.407462,0.274395,0.143195,0.082278,0.040173,0.013541,0,0,0
51,0.006873,0.110068,0.242192,0.365134,0.465969,0.546658,0.607993,0.660864,0.722053,0.809114,0.940036,1.120691,1.346873,1.596443,1.84374,2.064822,2.243488,2.371417,2.446208,2.472253,2.456157,2.406714,2.335832,2.255695,2.18472,2.138221,2.132711,2.178375,2.278523,2.433265,2.630892,2.860227,3.099566,3.32984,3.526922,3.670958,3.745003,3.7379,3.644939,3.468371,3.212815,2.895654,2.53184,2.155391,1.785741,1.457625,1.177632,0.960258,0.79522,0.677535,0.592343,0.527987,0.469787,0.408331,0.33407,0.253975,0.156012,0.083133,0.015442,0.011489,0,0,0,0
54,0.00861,0.136656,0.281759,0.407731,0.50531,0.580114,0.633253,0.676368,0.725431,0.797341,0.908539,1.064231,1.260455,1.47827,1.696605,1.896066,2.063336,2.191184,2.27662,2.322563,2.333299,2.316024,2.280096,2.236561,2.200625,2.185871,2.204517,2.26381,2.363115,2.499758,2.661157,2.836532,3.008782,3.165505,3.293436,3.384333,3.432447,3.434081,3.385806,3.283445,3.120648,2.898797,2.620468,2.307726,1.976785,1.662491,1.377499,1.143917,0.95787,0.819659,0.71719,0.641347,0.579349,0.522899,0.464866,0.402524,0.335559,0.265924,0.196733,0.12962,0.085055,0.056872,0.029995,0.006567
58,0.011264,0.177282,0.341282,0.479101,0.582007,0.657437,0.706439,0.741772,0.780002,0.839226,0.936349,1.077054,1.257367,1.459248,1.663279,1.852409,2.015502,2.146851,2.244022,2.309844,2.347524,2.363586,2.365293,2.362845,2.368333,2.394364,2.449532,2.539377,2.658796,2.800923,2.948068,3.084985,3.19265,3.258295,3.272974,3.235259,3.149625,3.024323,2.867087,2.685225,2.479381,2.254996,2.013086,1.768602,1.530092,1.32,1.145557,1.019704,0.938618,0.898612,0.888501,0.894282,0.898659,0.884087,0.836009,0.746154,0.619382,0.461412,0.298517,0.21288,0.140064,0.064483,0.033487,0.006634
62,0.007094,0.113018,0.240608,0.346103,0.423076,0.477961,0.511579,0.534712,0.560931,0.605286,0.681629,0.794742,0.941476,1.107354,1.276975,1.437045,1.579109,1.699089,1.795357,1.870867,1.928319,1.973807,2.012719,2.054149,2.106303,2.180083,2.279941,2.411512,2.569327,2.75023,2.939678,3.127057,3.295275,3.432753,3.52807,3.575834,3.574777,3.527212,3.436295,3.30507,3.132191,2.92095,2.671411,2.398144,2.109133,1.829839,1.569046,1.348038,1.16771,1.035003,0.944197,0.888407,0.852423,0.819996,0.774022,0.702469,0.601774,0.476959,0.344915,0.221983,0.123832,0.040931,0.014205,0
66,0,0,0.179156,0.273379,0.359466,0.415378,0.45877,0.491133,0.527294,0.579076,0.6588,0.769882,0.909109,1.063208,1.218677,1.364388,1.493934,1.605032,1.697594,1.77569,1.842764,1.905499,1.968821,2.041618,2.129572,2.241942,2.378247,2.540597,2.71773,2.902219,3.075893,3.226372,3.33813,3.402949,3.416312,3.380568,3.303206,3.194991,3.065907,2.924353,2.771117,2.607627,2.429342,2.240558,2.040859,1.843739,1.65385,1.488208,1.351526,1.254377,1.197226,1.175691,1.17371,1.167759,1.130044,1.037107,0.880084,0.665486,0.429582,0.257597,0.173884,0.11459,0.064539,0.013842
70,0,0.073832,0.190941,0.291311,0.365184,0.418894,0.452476,0.475715,0.500821,0.541483,0.610407,0.712194,0.844402,0.994551,1.149601,1.298677,1.435404,1.557425,1.664274,1.75964,1.845922,1.929047,2.01215,2.102917,2.204786,2.325738,2.463825,2.620836,2.786298,2.95433,3.109888,3.243953,3.345332,3.409703,3.435629,3.426674,3.388751,3.327775,3.246497,3.14423,3.014567,2.854736,2.661676,2.446572,2.217903,1.998511,1.796875,1.629,1.492765,1.388587,1.305169,1.229519,1.141872,1.024994,0.864777,0.658267,0.418975,0.164977,0.028744,0,0,0,0,0
74,0,0,0.171182,0.258366,0.33578,0.38305,0.416395,0.437823,0.461571,0.499758,0.564682,0.660597,0.785144,0.926479,1.072301,1.212428,1.340894,1.455397,1.555364,1.644195,1.724325,1.801926,1.881217,1.971558,2.078885,2.214625,2.37994,2.580744,2.807416,3.055135,3.30387,3.539408,3.739585,3.889758,3.976637,3.995181,3.946669,3.838124,3.678387,3.477697,3.240143,2.975049,2.685202,2.38808,2.091679,1.820477,1.580439,1.387599,1.237556,1.129667,1.051296,0.988181,0.918859,0.826382,0.688856,0.519861,0.279243,0.111811,0.017124,0,0,0,0,0
78,0.005478,0.08872,0.212705,0.3157,0.392002,0.448142,0.484773,0.512219,0.543587,0.593249,0.674781,0.792956,0.945285,1.118133,1.296779,1.467783,1.621705,1.753,1.858096,1.937931,1.993111,2.027955,2.047046,2.05893,2.073911,2.104767,2.161953,2.255687,2.387271,2.557626,2.755276,2.970206,3.18297,3.378086,3.537618,3.649266,3.704146,3.697134,3.62515,3.486358,3.276994,3.002347,2.667473,2.299724,1.919412,1.569659,1.270159,1.050674,0.912248,0.852326,0.850038,0.877753,0.906038,0.911085,0.878911,0.810871,0.705329,0.598876,0.555479,0.482539,0.391918,0.293484,0.156267,0.042902
82,0,0.026083,0.126135,0.178607,0.222722,0.249435,0.267623,0.279785,0.294997,0.321371,0.366983,0.434532,0.522174,0.621073,0.721155,0.812877,0.88978,0.949407,0.992543,1.02317,1.045044,1.062449,1.078435,1.09704,1.121736,1.157268,1.205476,1.268994,1.345984,1.437741,1.5428,1.665145,1.807078,1.974154,2.165541,2.373596,2.575421,2.729897,2.779646,2.660385,2.30667,1.7277,0.858288,0.137471,0,0,0,0,0.72205,2.332076,4.109951,5.68772,6.921996,7.622444,7.642816,6.881671,5.377255,3.281369,0.996238,0,0,0,0,0
86,0,0.065097,0.147217,0.217036,0.266475,0.30012,0.318384,0.329058,0.341724,0.367403,0.416203,0.492124,0.593433,0.710227,0.831485,0.947302,1.051214,1.140188,1.212879,1.270736,1.314217,1.345862,1.367935,1.386052,1.407272,1.442268,1.501226,1.597636,1.739783,1.93959,2.197367,2.514969,2.876245,3.260811,3.627824,3.927148,4.096691,4.072851,3.803319,3.270254,2.492714,1.587007,0.659447,0.087968,0,0.121907,1.09571,2.652621,4.361515,5.620374,6.066605,5.624572,4.519532,3.092549,1.763171,0.523899,0.022787,0,0,0,0,0,0,0
90,0,0,0.112201,0.162431,0.203994,0.225898,0.237384,0.240994,0.246239,0.262339,0.298571,0.359533,0.445394,0.549542,0.663809,0.77939,0.88821,0.983126,1.057188,1.106748,1.129821,1.129949,1.116045,1.103233,1.111896,1.164133,1.275128,1.453926,1.685191,1.944148,2.179827,2.343239,2.388889,2.30302,2.117632,1.917615,1.83274,2.005707,2.545599,3.464884,4.666025,5.900773,6.889724,7.340756,7.112509,6.250578,4.945077,3.542848,2.299498,1.428994,0.944488,0.767322,0.745423,0.738657,0.655476,0.471409,0.205507,0.059325,0,0,0,0,0,0
94,0,0,0.090142,0.135759,0.174019,0.194098,0.204981,0.208813,0.214489,0.230589,0.265974,0.325369,0.409803,0.514256,0.632441,0.757059,0.880556,0.995027,1.090961,1.161022,1.198052,1.200729,1.17419,1.132346,1.099958,1.106818,1.18287,1.351432,1.609366,1.934797,2.262227,2.511194,2.584425,2.407282,1.958588,1.295391,0.57539,0.094562,0.135263,0.416429,1.0131,2.240209,5.114371,8.22058,11.750435,12.263732,9.845638,6.321215,2.971242,1.010272,0.186711,0,0,0,0.017753,0.14343,0.321479,0.46345,0.557403,0.581799,0.532227,0.422665,0.248378,0.059939
98,0,0,0.108693,0.209917,0.306758,0.36838,0.415676,0.446077,0.472814,0.505234,0.553205,0.61955,0.702066,0.793477,0.890233,0.99489,1.114211,1.25498,1.419565,1.608814,1.814755,2.032854,2.250679,2.469325,2.685915,2.917801,3.173653,3.478762,3.83809,4.261333,4.723566,5.196235,5.619306,5.933778,6.077008,6.005316,5.699863,5.17394,4.462254,3.623989,2.711076,1.798099,0.967774,0.26915,0.03094,0,0,0,0,0,0,0,0,0,0,0,0,0,0,0,0,0,0,0
102,0,0,0.094642,0.145114,0.187747,0.210021,0.22181,0.225005,0.228911,0.242376,0.274317,0.329236,0.407492,0.503452,0.610622,0.722477,0.833099,0.936746,1.026618,1.098274,1.147542,1.17627,1.191384,1.209186,1.252557,1.351319,1.527989,1.802176,2.159874,2.572881,2.965997,3.25413,3.337473,3.145642,2.667375,1.977346,1.250599,0.739755,0.711474,1.35861,2.715819,4.561597,6.519018,8.044353,8.731189,8.356421,6.998266,5.037605,2.885612,1.019757,0.032822,0,0,0,0,0,0,0,0,0,0,0,0,0
106,0,0,0.123512,0.191901,0.251933,0.286477,0.308626,0.319813,0.331323,0.353069,0.394946,0.460848,0.549313,0.651755,0.759319,0.865013,0.965007,1.05796,1.143308,1.223047,1.297664,1.370742,1.444307,1.52609,1.622673,1.748857,1.914029,2.136647,2.421736,2.780733,3.200801,3.668904,4.142759,4.576616,4.907614,5.078265,5.041689,4.775966,4.289335,3.630307,2.864336,2.093115,1.3943,0.854124,0.498132,0.332885,0.315193,0.390354,0.506761,0.62807,0.747537,0.87228,1.022015,1.207062,1.425685,1.653595,1.852729,1.977731,1.989262,1.863752,1.599402,1.22391,0.705944,0.168924
110,0,0,0.144232,0.218849,0.283693,0.320484,0.342743,0.351933,0.359858,0.377092,0.41401,0.474885,0.558211,0.655373,0.75769,0.858811,0.955656,1.047394,1.133724,1.216769,1.297141,1.379029,1.465222,1.565273,1.6871,1.848096,2.057515,2.334397,2.679231,3.099148,3.572653,4.079776,4.571702,5.001239,5.310191,5.452615,5.398371,5.142828,4.705565,4.133315,3.4754,2.801566,2.155671,1.595089,1.133946,0.793162,0.554018,0.405266,0.320643,0.285617,0.289758,0.33007,0.407336,0.519333,0.659623,0.811456,0.951384,1.050922,1.084053,1.034255,0.898561,0.693207,0.401573,0.096278
114,0,0,0.103287,0.155341,0.19932,0.222631,0.23498,0.238141,0.241254,0.252955,0.281787,0.33184,0.402906,0.489015,0.58357,0.68052,0.774958,0.862569,0.938542,1.000251,1.045267,1.076174,1.099292,1.128899,1.183853,1.289671,1.464568,1.726342,2.063872,2.457036,2.845333,3.161904,3.323729,3.270167,2.981545,2.502732,1.953819,1.515542,1.38381,1.709774,2.537567,3.74163,5.086744,6.212411,6.830492,6.742041,5.93989,4.614693,3.007883,1.462373,0.25289,0,0,0.009645,0.15681,0.479721,0.818759,1.020054,1.079305,1.00325,0.826618,0.596927,0.327238,0.075861
118,0,0,0.126867,0.192826,0.250011,0.282313,0.301916,0.310342,0.318329,0.335478,0.371233,0.42952,0.509308,0.603409,0.70497,0.809164,0.913435,1.016223,1.115027,1.2088,1.294022,1.370838,1.43908,1.506964,1.585809,1.698093,1.863726,2.109987,2.443781,2.868846,3.348166,3.832474,4.233861,4.46297,4.434226,4.101032,3.477903,2.655565,1.788014,1.057374,0.699837,0.750968,1.095785,1.721271,2.543191,3.278284,3.832445,4.112721,4.109166,3.836943,3.337412,2.694858,1.99336,1.338305,0.785021,0.41624,0.308411,0.370681,0.404051,0.374894,0.294291,0.202258,0.100558,0.027146
122,0,0,0.079013,0.127394,0.169592,0.19294,0.207273,0.213594,0.220066,0.233913,0.262495,0.309316,0.374594,0.453931,0.54282,0.637275,0.7339,0.828884,0.916181,0.990286,1.043975,1.074127,1.081227,1.074485,1.072462,1.102864,1.196766,1.386613,1.68337,2.084046,2.536011,2.963622,3.248918,3.277022,2.952177,2.255415,1.253171,0.144803,0,0,0.071918,0.439678,1.382462,2.977463,4.760776,6.087073,6.790831,6.763916,6.102124,5.02129,3.75839,2.599261,1.733954,1.272407,1.181474,1.333338,1.556384,1.702434,1.684977,1.48599,1.147773,0.757565,0.380729,0.083249
126,0,0.022336,0.197345,0.33339,0.434215,0.50806,0.549647,0.570642,0.584378,0.60747,0.654681,0.732731,0.84023,0.966964,1.10449,1.250137,1.407012,1.581054,1.776862,2.001324,2.253854,2.539339,2.850218,3.190753,3.546934,3.921464,4.289933,4.646133,4.960857,5.22025,5.398534,5.481908,5.455692,5.310238,5.042553,4.652772,4.147647,3.542137,2.852731,2.125173,1.380336,0.780176,0.242134,0.045265,0,0,0,0,0,0,0,0,0,0,0,0,0,0,0,0,0,0,0,0
130,0,0,0.101101,0.160561,0.211961,0.239762,0.255726,0.261246,0.266468,0.28055,0.312481,0.366122,0.440553,0.528892,0.624391,0.722344,0.820868,0.920045,1.019912,1.122453,1.226695,1.334406,1.443048,1.555396,1.669775,1.792568,1.924395,2.075291,2.248258,2.454175,2.69313,2.968185,3.266907,3.574443,3.862001,4.099009,4.253454,4.299676,4.223593,4.025725,3.716935,3.327367,2.884105,2.434012,2.001981,1.627529,1.316442,1.084013,0.920466,0.824641,0.78937,0.811312,0.886626,1.00899,1.169362,1.350079,1.527107,1.667309,1.733122,1.688791,1.508243,1.196874,0.707982,0.171776
134,0,0,0.092625,0.159098,0.216609,0.24628,0.262456,0.266679,0.270942,0.286088,0.322784,0.385825,0.474599,0.581813,0.700801,0.827744,0.962465,1.107222,1.263402,1.434388,1.617516,1.813349,2.013081,2.215428,2.409017,2.59441,2.76227,2.916842,3.056742,3.192035,3.329005,3.478798,3.643702,3.821551,3.996872,4.147176,4.244175,4.26076,4.177248,3.986668,3.692446,3.318773,2.889584,2.45001,2.024893,1.653617,1.341753,1.103417,0.925898,0.803673,0.722381,0.672039,0.640755,0.61962,0.599975,0.575059,0.539913,0.491523,0.430045,0.35792,0.280007,0.195778,0.103802,0.028653
138,0,0,0.073708,0.132062,0.182765,0.208735,0.223009,0.226882,0.231057,0.24512,0.278499,0.335347,0.415035,0.511037,0.617511,0.731288,0.852549,0.983702,1.126362,1.283978,1.454464,1.638786,1.829133,2.024696,2.214582,2.398935,2.567396,2.722496,2.860822,2.990595,3.117248,3.252056,3.399139,3.558799,3.718681,3.858797,3.952499,3.973239,3.901063,3.728017,3.456546,3.109103,2.708704,2.298715,1.903867,1.562134,1.27962,1.069518,0.920745,0.829444,0.786549,0.787661,0.828341,0.903202,1.004287,1.117183,1.222568,1.295358,1.309633,1.243622,1.085524,0.845078,0.493573,0.118936
142,0,0,0.056334,0.113095,0.151683,0.1788,0.189586,0.193459,0.196748,0.208831,0.237415,0.285778,0.352761,0.432333,0.519705,0.613485,0.716154,0.832722,0.96754,1.12611,1.307359,1.511915,1.729082,1.954239,2.169879,2.370394,2.53916,2.674832,2.773646,2.845976,2.905378,2.972658,3.065806,3.198023,3.368329,3.56254,3.752013,3.899079,3.965863,3.920466,3.744717,3.444,3.036126,2.569708,2.082136,1.632818,1.244351,0.949456,0.746481,0.639915,0.622339,0.686394,0.82146,1.009733,1.229588,1.449654,1.636124,1.75366,1.772959,1.674945,1.45351,1.126421,0.656322,0.158002
146,0,0,0.109425,0.182376,0.245217,0.277847,0.295671,0.300482,0.305168,0.321161,0.359286,0.423599,0.511914,0.615102,0.725499,0.840208,0.962078,1.098093,1.255585,1.443943,1.664813,1.921358,2.201478,2.499355,2.790789,3.066264,3.300444,3.488534,3.621988,3.710887,3.768528,3.815338,3.86691,3.930208,3.996864,4.045626,4.046734,3.970556,3.795124,3.514223,3.132451,2.679506,2.183416,1.69645,1.247116,0.877644,0.592962,0.403375,0.294195,0.256442,0.278001,0.3489,0.460724,0.60067,0.753772,0.898076,1.0106,1.069342,1.05948,0.976089,0.82497,0.624054,0.357717,0.085373
150,0.006223,0.224295,0.380406,0.514183,0.622484,0.6955,0.743314,0.772504,0.798463,0.835655,0.896842,0.984478,1.091666,1.201579,1.299188,1.376739,1.435019,1.480487,1.522824,1.573113,1.63898,1.726144,1.8326,1.957093,2.090537,2.230946,2.369744,2.510671,2.654647,2.814502,2.99804,3.217283,3.471421,3.754729,4.04446,4.310278,4.513917,4.616964,4.58856,4.410662,4.079377,3.618544,3.058129,2.462604,1.875549,1.36271,0.941295,0.634298,0.423138,0.293643,0.218632,0.176939,0.147798,0.125849,0.084624,0.052949,0.063703,0.057812,0.050409,0.037704,0.027155,0,0,0
154,0.006657,0.235351,0.383666,0.512503,0.617905,0.688482,0.733364,0.757136,0.772979,0.79361,0.830433,0.88674,0.957579,1.029912,1.091801,1.137342,1.167367,1.186827,1.203251,1.225005,1.258509,1.308809,1.376583,1.463718,1.567666,1.691953,1.834329,2.00272,2.198586,2.434128,2.711802,3.040421,3.413055,3.821263,4.238024,4.629944,4.953784,5.164348,5.223453,5.105178,4.801574,4.335027,3.737803,3.080427,2.412183,1.809495,1.295847,0.904813,0.620358,0.431577,0.309399,0.227836,0.175118,0.103405,0.058123,0.027592,0.013238,0,0,0,0,0,0,0
158,0.005848,0.211455,0.361734,0.493731,0.604592,0.684321,0.741705,0.781162,0.815727,0.857183,0.916658,0.996493,1.091315,1.186765,1.269075,1.329454,1.365635,1.380059,1.378902,1.37031,1.362641,1.363093,1.377141,1.409501,1.462567,1.540422,1.642065,1.771218,1.925054,2.107864,2.316574,2.554629,2.816779,3.100094,3.391517,3.675318,3.92879,4.125463,4.239894,4.248636,4.137074,3.906072,3.566606,3.156788,2.70854,2.277809,1.88903,1.577118,1.33922,1.174332,1.061495,0.980116,0.904968,0.817782,0.706093,0.56806,0.41323,0.250769,0.11906,0.096742,0.070106,0.047218,0.024899,0.005488
162,0.006166,0.224749,0.391124,0.53905,0.665736,0.760242,0.831636,0.883718,0.929729,0.981126,1.049136,1.1358,1.235519,1.333494,1.415638,1.473036,1.503547,1.509855,1.498567,1.478139,1.457552,1.444331,1.444991,1.465011,1.508368,1.580034,1.679832,1.81112,1.969569,2.156776,2.365607,2.594666,2.834011,3.076824,3.309172,3.517579,3.686023,3.798649,3.842509,3.807731,3.689489,3.493231,3.227918,2.919977,2.588116,2.267627,1.970232,1.71702,1.501593,1.322688,1.165149,1.020201,0.876549,0.733463,0.592947,0.463904,0.354487,0.269305,0.206956,0.161754,0.128811,0.076034,0.04519,0.010996
166,0.006837,0.249352,0.434675,0.601001,0.745511,0.855962,0.942382,1.008318,1.067943,1.132916,1.214975,1.31564,1.428481,1.53715,1.626276,1.686125,1.714284,1.713531,1.691154,1.656642,1.620794,1.592941,1.582251,1.596478,1.641796,1.724013,1.841047,1.992148,2.165135,2.352517,2.537425,2.710002,2.85698,2.972327,3.051471,3.095366,3.107783,3.093946,3.058243,3.002774,2.925379,2.82455,2.69695,2.546981,2.375997,2.195631,2.007047,1.821127,1.635486,1.457239,1.284486,1.121524,0.96621,0.821695,0.688403,0.569801,0.467678,0.381853,0.310268,0.248387,0.191919,0.140856,0.075244,0.020693
170,0.008896,0.141212,0.289555,0.434472,0.562239,0.672333,0.762029,0.836075,0.904854,0.97826,1.066596,1.17067,1.283886,1.389492,1.471269,1.518769,1.529629,1.507397,1.460837,1.400531,1.338722,1.285056,1.249863,1.241231,1.267419,1.335834,1.447193,1.602214,1.788143,1.993769,2.194037,2.368521,2.492751,2.55206,2.539813,2.462264,2.337229,2.190649,2.049289,1.936767,1.864476,1.834744,1.838049,1.857469,1.872162,1.861257,1.808817,1.711953,1.577034,1.431048,1.305796,1.240983,1.26806,1.407615,1.663045,2.008909,2.389913,2.719188,2.895241,2.829318,2.47392,1.863918,0.997024,0.218236
174,0.0099,0.156355,0.307811,0.45482,0.58321,0.692329,0.779268,0.848838,0.911372,0.97703,1.056169,1.150013,1.252283,1.346966,1.418613,1.457646,1.462395,1.436864,1.390173,1.333159,1.278185,1.235074,1.213734,1.221991,1.266631,1.35433,1.483876,1.655197,1.853761,2.067507,2.270729,2.443862,2.565188,2.625073,2.623554,2.573627,2.497721,2.422347,2.37046,2.355825,2.378199,2.424437,2.473818,2.50163,2.488863,2.426164,2.312818,2.163724,1.992361,1.823984,1.676144,1.568196,1.507901,1.497483,1.528788,1.585183,1.642485,1.669336,1.632464,1.502366,1.264358,0.932691,0.494721,0.108004
178,0.0086,0.136557,0.280783,0.422383,0.548224,0.65778,0.748363,0.824184,0.894913,0.969398,1.056889,1.157342,1.26379,1.360018,1.431062,1.46822,1.470751,1.443325,1.395291,1.337154,1.280447,1.233642,1.205115,1.200691,1.225647,1.284101,1.374168,1.494075,1.632147,1.779124,1.917283,2.034167,2.116555,2.159558,2.16459,2.141631,2.106898,2.079334,2.075836,2.106588,2.17249,2.263231,2.363301,2.449502,2.502893,2.50617,2.451178,2.342408,2.190523,2.022609,1.864046,1.745347,1.686496,1.701138,1.78961,1.93491,2.099316,2.223384,2.238912,2.09091,1.761867,1.289195,0.677191,0.146749
182,0.01123,0.177658,0.354506,0.526925,0.678285,0.807463,0.910532,0.992346,1.06413,1.136977,1.222385,1.321955,1.429246,1.527692,1.601923,1.643495,1.652412,1.634052,1.59805,1.554893,1.515265,1.486924,1.476708,1.489879,1.530691,1.603615,1.706409,1.837636,1.984882,2.138222,2.278473,2.391527,2.462536,2.485092,2.459823,2.396618,2.313093,2.23104,2.170972,2.147903,2.166106,2.218383,2.287844,2.34684,2.36575,2.315382,2.173357,1.940417,1.628156,1.284226,0.956293,0.706457,0.574635,0.588749,0.759402,1.076113,1.492936,1.916492,2.222903,2.298847,2.079785,1.596748,0.861448,0.189264
186,0.005616,0.219514,0.438825,0.657237,0.862649,1.034945,1.179568,1.295941,1.398262,1.497486,1.606358,1.72543,1.846404,1.950072,2.020111,2.049824,2.042892,2.008678,1.960447,1.91061,1.870153,1.845596,1.841867,1.863015,1.912833,1.99688,2.113809,2.263386,2.432481,2.610348,2.77499,2.90936,2.994191,3.018697,2.979289,2.883062,2.747126,2.595068,2.450079,2.331298,2.244786,2.187835,2.145997,2.101315,2.032708,1.926754,1.772667,1.578505,1.351476,1.116816,0.891522,0.698426,0.545807,0.439416,0.375315,0.34849,0.346396,0.355735,0.368027,0.353461,0.305626,0.225997,0.112343,0.030184
190,0.011625,0.184729,0.382111,0.575157,0.745871,0.893874,1.015919,1.118616,1.216192,1.321886,1.449512,1.599586,1.762573,1.914847,2.033697,2.104497,2.124047,2.097494,2.036936,1.956406,1.871325,1.792567,1.731023,1.69289,1.684956,1.710405,1.767726,1.852651,1.952829,2.057641,2.151846,2.226095,2.273132,2.292981,2.290276,2.274466,2.257489,2.250559,2.261244,2.29058,2.332876,2.376483,2.409504,2.420799,2.404824,2.361938,2.294516,2.209001,2.103646,1.977058,1.819721,1.629711,1.406837,1.167853,0.933042,0.727348,0.56555,0.449356,0.368,0.303343,0.240036,0.168102,0.080719,0.021486
194,0.011702,0.186606,0.396377,0.603386,0.787871,0.947993,1.078305,1.183301,1.275159,1.365605,1.467328,1.581822,1.701976,1.809799,1.889337,1.932899,1.942174,1.924209,1.88987,1.850104,1.815052,1.791232,1.783574,1.795493,1.829677,1.889015,1.970602,2.071675,2.180748,2.288498,2.379788,2.444591,2.474825,2.469929,2.435748,2.384476,2.332467,2.295992,2.28659,2.306989,2.349426,2.39669,2.428526,2.424495,2.370255,2.262669,2.103407,1.910786,1.69791,1.490018,1.299732,1.140735,1.011843,0.909801,0.825337,0.753492,0.686044,0.631484,0.613058,0.57689,0.48455,0.359248,0.174465,0.046355
198,0.010719,0.170784,0.360558,0.545924,0.709228,0.849995,0.964973,1.060787,1.151427,1.250232,1.371073,1.5151,1.673638,1.824198,1.944953,2.0217,2.051197,2.038175,1.993751,1.931104,1.864338,1.803538,1.758194,1.733878,1.736158,1.767868,1.82709,1.910097,2.005648,2.104124,2.190974,2.256791,2.294389,2.304169,2.292395,2.271036,2.254853,2.256986,2.284927,2.336378,2.399569,2.454222,2.48018,2.460841,2.389469,2.274794,2.13149,1.988149,1.863693,1.775944,1.723492,1.690011,1.641865,1.543457,1.370676,1.127384,0.842547,0.560169,0.322296,0.152684,0.07348,0.027699,0.012545,0
202,0.005787,0.225212,0.446503,0.664959,0.867577,1.033625,1.168388,1.271924,1.3591,1.442606,1.536724,1.644233,1.758646,1.862265,1.939293,1.982527,1.994352,1.982536,1.958404,1.933063,1.916045,1.913473,1.928949,1.965521,2.024354,2.108221,2.212585,2.334384,2.460412,2.580272,2.676721,2.737715,2.753165,2.72075,2.645813,2.541276,2.426534,2.323204,2.249395,2.21602,2.221399,2.252458,2.287607,2.299889,2.264489,2.165934,1.997244,1.774924,1.515964,1.255382,1.013816,0.813391,0.658076,0.548981,0.478591,0.439038,0.417686,0.402589,0.386836,0.351263,0.291598,0.216505,0.10568,0.028127
206,0.01181,0.18804,0.395207,0.597031,0.774264,0.926587,1.050687,1.154162,1.252561,1.360611,1.49331,1.651361,1.824418,1.987102,2.115417,2.194815,2.22362,2.209146,2.165146,2.106296,2.046377,1.993646,1.954533,1.932139,1.930952,1.954703,2.004423,2.079917,2.174651,2.283914,2.396969,2.506081,2.599945,2.669745,2.705631,2.700738,2.652132,2.562441,2.439281,2.295293,2.140991,1.989455,1.845656,1.715782,1.595279,1.482784,1.369201,1.255125,1.138986,1.031649,0.943702,0.890228,0.879733,0.913695,0.980709,1.054361,1.098828,1.079482,0.98045,0.81143,0.603976,0.403643,0.182304,0.047451
210,0.011018,0.17605,0.379987,0.579526,0.755841,0.908734,1.03512,1.142576,1.246759,1.362233,1.504053,1.672608,1.857224,2.031531,2.170208,2.25702,2.288778,2.271744,2.219341,2.146726,2.069387,1.997612,1.941173,1.906144,1.900412,1.929522,1.993935,2.089989,2.202642,2.315413,2.403147,2.444377,2.421241,2.326617,2.167436,1.963337,1.744684,1.544234,1.386703,1.285236,1.235019,1.221323,1.223186,1.222178,1.208023,1.182785,1.158554,1.15574,1.19449,1.288034,1.441294,1.638229,1.8516,2.037257,2.153576,2.166655,2.06355,1.853841,1.567064,1.23841,0.904921,0.592501,0.290746,0.060706
214,0.011417,0.182203,0.389426,0.594215,0.77744,0.938264,1.073269,1.189544,1.303072,1.428769,1.582687,1.765708,1.967385,2.160385,2.317972,2.422187,2.468318,2.461668,2.415433,2.34537,2.267878,2.194311,2.135377,2.097782,2.089977,2.117851,2.182215,2.279581,2.395026,2.512417,2.606948,2.657726,2.646881,2.566727,2.422264,2.230327,2.018072,1.815941,1.648495,1.531652,1.465806,1.443471,1.450256,1.470965,1.493298,1.508341,1.512248,1.503753,1.481799,1.446055,1.395282,1.329747,1.248013,1.152501,1.046045,0.935899,0.828283,0.730792,0.657985,0.598236,0.491324,0.368013,0.181361,0.048348
218,0.006248,0.239695,0.462412,0.677204,0.876095,1.042412,1.185516,1.308107,1.427547,1.556473,1.708711,1.882473,2.065475,2.230742,2.353704,2.419825,2.42774,2.385098,2.306495,2.207123,2.102439,2.001119,1.911705,1.836871,1.782543,1.749812,1.739366,1.745924,1.760744,1.773125,1.771661,1.747332,1.696275,1.619886,1.526773,1.43015,1.346538,1.290927,1.27236,1.291373,1.339459,1.401272,1.46214,1.508615,1.53564,1.542486,1.533088,1.512677,1.484459,1.451975,1.418575,1.391908,1.383281,1.408767,1.484429,1.617447,1.796801,1.982832,2.10864,2.096566,1.885511,1.467389,0.828105,0.191924
222,0.011632,0.183989,0.366654,0.545314,0.703095,0.839105,0.950204,1.042675,1.130157,1.225629,1.342395,1.481064,1.632197,1.772676,1.880232,1.940892,1.95211,1.919315,1.854171,1.769065,1.676725,1.58411,1.498265,1.420907,1.357398,1.30884,1.278724,1.266543,1.272241,1.295197,1.333994,1.387669,1.452762,1.524993,1.596191,1.657328,1.699373,1.715888,1.705193,1.670536,1.619057,1.562972,1.515419,1.49151,1.502609,1.554646,1.648531,1.773459,1.917728,2.058202,2.178275,2.261327,2.306237,2.325877,2.346769,2.395151,2.479364,2.572548,2.611413,2.513787,2.214007,1.71223,0.968296,0.225137
226,0.005295,0.203471,0.394276,0.580188,0.750668,0.889317,1.0035,1.096652,1.18564,1.284722,1.409019,1.559921,1.728104,1.889284,2.019486,2.102339,2.132588,2.113163,2.053888,1.966636,1.864974,1.757809,1.655593,1.563322,1.490083,1.43893,1.413522,1.410662,1.424195,1.445031,1.462104,1.465674,1.449081,1.410876,1.356375,1.296876,1.248209,1.226201,1.242073,1.298372,1.389111,1.499664,1.616799,1.725541,1.821263,1.899657,1.965133,2.019538,2.068077,2.112558,2.156885,2.202205,2.250202,2.299677,2.347855,2.387375,2.405321,2.379431,2.279487,2.070696,1.729988,1.269387,0.670237,0.145793
230,0.006083,0.225818,0.409659,0.58349,0.739121,0.861297,0.958422,1.034149,1.104402,1.182868,1.283519,1.408146,1.548592,1.683656,1.792456,1.860978,1.884938,1.867071,1.815992,1.742049,1.657062,1.5689,1.48649,1.414068,1.358818,1.322947,1.308689,1.313126,1.330869,1.354914,1.376816,1.390046,1.390807,1.380212,1.364814,1.356566,1.371324,1.424972,1.529533,1.686358,1.887769,2.110464,2.331421,2.518579,2.653803,2.720551,2.718529,2.656067,2.547457,2.415442,2.278476,2.157476,2.063721,2.004942,1.978961,1.975829,1.975631,1.948481,1.860468,1.681745,1.40087,1.036054,0.567792,0.129436
234,0,0.078505,0.190308,0.292138,0.374602,0.442694,0.495705,0.539934,0.584291,0.637789,0.70967,0.802475,0.914003,1.034096,1.151992,1.257997,1.345426,1.410401,1.451051,1.468484,1.464782,1.443381,1.409224,1.367249,1.325008,1.287402,1.259993,1.243587,1.2375,1.238243,1.241699,1.244665,1.246607,1.25086,1.264474,1.297398,1.359926,1.459084,1.596414,1.762951,1.944508,2.11757,2.264859,2.369426,2.430248,2.454442,2.462771,2.481519,2.538336,2.650932,2.825884,3.044065,3.272895,3.460158,3.555411,3.517294,3.329007,3.001709,2.572456,2.08531,1.586538,1.107388,0.604481,0.140783
238,0,0,0.151231,0.231153,0.308081,0.363506,0.411407,0.45121,0.493402,0.545243,0.615174,0.705012,0.812408,0.927654,1.040657,1.142408,1.226834,1.290595,1.332164,1.35276,1.354255,1.339798,1.313622,1.279969,1.244956,1.21224,1.185888,1.165927,1.151949,1.141868,1.13484,1.131914,1.137747,1.160663,1.211261,1.300974,1.438518,1.626422,1.860435,2.124009,2.398335,2.654884,2.876255,3.043072,3.153523,3.207665,3.216805,3.194235,3.15451,3.112827,3.07956,3.060237,3.050512,3.036341,2.994222,2.897366,2.723157,2.462059,2.124715,1.734136,1.323901,0.935266,0.523465,0.124797
242,0,0.07425,0.139176,0.199832,0.248278,0.287133,0.316245,0.339482,0.362238,0.389894,0.42748,0.475761,0.532241,0.590082,0.642855,0.686192,0.718521,0.740158,0.752481,0.757534,0.756908,0.751781,0.743176,0.732279,0.721632,0.713859,0.712067,0.718371,0.73395,0.759648,0.79462,0.838557,0.889889,0.948417,1.013636,1.086997,1.171271,1.270724,1.391969,1.541031,1.727414,1.955419,2.23423,2.557613,2.926117,3.313722,3.708506,4.071111,4.384287,4.616169,4.755195,4.790638,4.724242,4.563341,4.314602,3.984904,3.577149,3.098988,2.570329,2.018648,1.484975,0.999937,0.530404,0.121445
246,0,0.049308,0.125632,0.175726,0.220989,0.253078,0.278657,0.298105,0.317238,0.340411,0.372095,0.412904,0.460605,0.509245,0.553327,0.589332,0.616331,0.635167,0.647647,0.656057,0.661908,0.666079,0.66844,0.668844,0.667542,0.665539,0.664773,0.667961,0.678635,0.701364,0.739811,0.797407,0.873483,0.96508,1.063849,1.159983,1.243693,1.309752,1.362376,1.416604,1.500332,1.646596,1.892186,2.25323,2.739348,3.311563,3.938861,4.54318,5.082792,5.494544,5.751045,5.822705,5.697846,5.376372,4.869227,4.211322,3.452679,2.660427,1.909616,1.259284,0.755145,0.421168,0.201164,0.05439
250,0.032012,0.303501,0.594664,0.885445,1.148149,1.348612,1.487794,1.56805,1.612926,1.649097,1.704005,1.792418,1.914432,2.054038,2.193803,2.323158,2.439006,2.541182,2.630067,2.706445,2.766079,2.80419,2.814857,2.798746,2.764771,2.726435,2.700972,2.701577,2.736423,2.802905,2.881232,2.940242,2.937445,2.831552,2.598429,2.244749,1.818728,1.421632,1.223396,1.05441,1.002479,1.087764,1.166328,1.160679,1.069889,0.899978,0.67566,0.446831,0.252825,0.135505,0.114384,0.193688,0.358028,0.572555,0.801321,1.006664,1.157604,1.229733,1.20425,1.075312,0.864242,0.614271,0.334825,0.07761
254,0.005173,0.207817,0.430529,0.637979,0.825477,0.980247,1.111244,1.222411,1.330733,1.449261,1.592326,1.760179,1.943897,2.120853,2.270093,2.377948,2.440797,2.461967,2.449648,2.413843,2.364435,2.307884,2.250162,2.193715,2.143382,2.100072,2.065388,2.035008,2.003343,1.960983,1.900171,1.813869,1.702198,1.568785,1.424822,1.284323,1.16391,1.078562,1.037676,1.042859,1.085768,1.149266,1.213679,1.258334,1.271671,1.252232,1.210861,1.170292,1.155318,1.189714,1.289845,1.456679,1.679973,1.928338,2.161795,2.33082,2.393373,2.323333,2.120412,1.805843,1.418569,1.001465,0.536812,0.121637
258,0.01042,0.171737,0.454427,0.741913,1.006212,1.2441,1.449242,1.629789,1.807798,2.003983,2.242577,2.527015,2.846572,3.166889,3.455218,3.69031,3.867959,3.995934,4.088175,4.161453,4.225681,4.284891,4.332381,4.358826,4.352063,4.300097,4.193782,4.020024,3.776422,3.455127,3.066439,2.616338,2.1331,1.641642,1.178909,0.775086,0.456087,0.234808,0.106497,0.052731,0.047453,0.072025,0.111736,0.149704,0.173229,0.17591,0.160354,0.135743,0.111422,0.095498,0.090777,0.095405,0.104147,0.109294,0.106076,0.083546,0.04375,0.011279,0,0,0,0,0,0
262,0.007268,0.295054,0.625254,0.950825,1.25905,1.52541,1.760844,1.968432,2.174599,2.399436,2.667308,2.978691,3.318956,3.648571,3.930465,4.140387,4.272543,4.33397,4.339812,4.307609,4.251532,4.177398,4.08618,3.97144,3.831821,3.65917,3.455961,3.213501,2.937163,2.621867,2.278381,1.910144,1.537254,1.175027,0.846288,0.567802,0.353262,0.208197,0.128351,0.102964,0.116813,0.154374,0.201118,0.242762,0.271494,0.284034,0.283804,0.277725,0.273007,0.275093,0.284671,0.296097,0.292323,0.270147,0.181022,0.077332,0,0,0,0,0,0,0,0
266,0.013238,0.483533,0.849492,1.196594,1.521197,1.797875,2.046506,2.268877,2.490603,2.726827,2.99603,3.292315,3.596265,3.866989,4.0678,4.175768,4.186648,4.109199,3.962943,3.768886,3.550602,3.320178,3.091771,2.865871,2.652843,2.449651,2.264374,2.090006,1.927313,1.766728,1.605842,1.43849,1.267881,1.097387,0.936741,0.795844,0.685467,0.613224,0.580851,0.582879,0.606334,0.634904,0.655171,0.659227,0.647867,0.6296,0.617208,0.625782,0.666463,0.739768,0.834823,0.918297,0.953786,0.867759,0.706678,0.234804,0,0,0,0,0,0,0,0
